variant,fold,seed,threshold,parameters,modules,tp,fp,fn,tn,precision,recall,f1_score,accuracy,avg_lead_hour,reduced_afws,false_alarms_per_1000_normal
split3_original__s42__full,1,42,0.5,133057,4457,762,64,605,3026,0.9225181598062954,0.5574250182882224,0.6949384404924761,0.849899035225488,20.522144940215806,2.544837475717964,20.71197411003236
split3_original__s42__full,2,42,0.7,133057,4457,748,66,619,3024,0.918918918918919,0.5471836137527433,0.6859238881247134,0.8463091765761723,19.922676024955436,2.5322330647008857,21.359223300970875
split3_original__s42__full,3,42,0.5,133057,4458,778,48,590,3042,0.9418886198547215,0.5687134502923976,0.7092069279854147,0.8568864961866308,21.535936875178518,2.5660934241720454,15.533980582524272
split3_original__s42__no_sensor,1,42,0.3,131137,4457,746,378,621,2712,0.6637010676156584,0.5457205559619605,0.5989562424729025,0.775858200583352,23.164675305332143,2.3748144430562546,122.33009708737865
split3_original__s42__no_sensor,2,42,0.25,131137,4457,747,518,620,2572,0.5905138339920949,0.5464520848573519,0.567629179331307,0.7446713035674221,25.76462739848282,2.312300482898729,167.63754045307442
split3_original__s42__no_sensor,3,42,0.4,131137,4458,629,154,739,2936,0.8033205619412516,0.4597953216374269,0.5848442584844259,0.7996859578286227,29.465135135135135,2.3845302163130486,49.83818770226537
split3_original__s42__no_statistics,1,42,0.5,127489,4457,767,93,600,2997,0.891860465116279,0.5610826627651793,0.688819039066008,0.8445142472515145,16.829013472403304,2.5333332863175175,30.097087378640776
split3_original__s42__no_statistics,2,42,0.7,127489,4457,737,58,630,3032,0.9270440251572327,0.5391367959034382,0.6817761332099908,0.8456360780794256,13.31248303934871,2.5274122112839468,18.77022653721683
split3_original__s42__no_statistics,3,42,0.7,127489,4458,782,44,586,3046,0.9467312348668281,0.5716374269005848,0.7128532360984503,0.8586810228802153,15.595746660983233,2.571534258978609,14.239482200647249
split3_original__s42__no_sit,1,42,0.5,7809,4457,706,129,661,2961,0.8455089820359282,0.5164594001463058,0.6412352406902816,0.8227507291900381,21.853107491344034,2.4639859698803197,41.74757281553398
split3_original__s42__no_sit,2,42,0.6,7809,4457,615,93,752,2997,0.8686440677966102,0.4498902706656913,0.5927710843373494,0.8104105900830155,22.854793134598015,2.403181674420365,30.097087378640776
split3_original__s42__no_sit,3,42,0.3,7809,4458,763,201,605,2889,0.7914937759336099,0.5577485380116959,0.6543739279588336,0.8192014356213548,26.962182903742537,2.4735753635801885,65.04854368932038
split3_original__s42__no_hss,1,42,0.9,133057,4457,747,62,620,3028,0.92336217552534,0.5464520848573519,0.6865808823529411,0.846982275072919,20.025806931429422,2.53356315742586,20.06472491909385
split3_original__s42__no_hss,2,42,0.95,133057,4457,737,91,630,2999,0.8900966183574879,0.5391367959034382,0.6715261958997722,0.838231994615212,21.076856625961103,2.5097581905149844,29.449838187702266
split3_original__s42__no_hss,3,42,0.9,133057,4458,763,86,605,3004,0.8987043580683156,0.5577485380116959,0.688317546233649,0.844997756841633,22.515135430318914,2.533315303075282,27.831715210355988
